START DATE,START TIME,START TIME ET,SUBJECT,LOCATION,DESCRIPTION,END DATE,END DATE ET,END TIME,END TIME ET,REMINDER OFF,REMINDER ON,REMINDER DATE,REMINDER TIME,REMINDER TIME ET,SHOWTIMEAS FREE,SHOWTIMEAS BUSY
02/21/25,01:10 PM,03:10 PM,Rockies at D-backs,Salt River Fields at Talking Stick - Scottsdale,"Local Radio: KOA 850 AM/94.1 FM ",02/21/25,02/21/25,04:10 PM,06:10 PM,FALSE,TRUE,02/21/25,12:10 PM,02:10 PM,FREE,BUSY
02/22/25,01:10 PM,03:10 PM,D-backs at Rockies,Salt River Fields at Talking Stick - Scottsdale,"Local TV: Rockies.TV",02/22/25,02/22/25,04:10 PM,06:10 PM,FALSE,TRUE,02/22/25,12:10 PM,02:10 PM,FREE,BUSY
02/23/25,01:05 PM,03:05 PM,Rockies at Athletics,Hohokam Stadium - Mesa,"",02/23/25,02/23/25,04:05 PM,06:05 PM,FALSE,TRUE,02/23/25,12:05 PM,02:05 PM,FREE,BUSY
02/23/25,01:10 PM,03:10 PM,Brewers at Rockies,Salt River Fields at Talking Stick - Scottsdale,"Local TV: Rockies.TV ----- Local Radio: KOA 850 AM/94.1 FM ",02/23/25,02/23/25,04:10 PM,06:10 PM,FALSE,TRUE,02/23/25,12:10 PM,02:10 PM,FREE,BUSY
02/24/25,01:05 PM,03:05 PM,Rockies at Giants,Scottsdale Stadium - Scottsdale,"",02/24/25,02/24/25,04:05 PM,06:05 PM,FALSE,TRUE,02/24/25,12:05 PM,02:05 PM,FREE,BUSY
02/25/25,01:10 PM,03:10 PM,White Sox at Rockies,Salt River Fields at Talking Stick - Scottsdale,"Local Radio: KOA 850 AM/94.1 FM ",02/25/25,02/25/25,04:10 PM,06:10 PM,FALSE,TRUE,02/25/25,12:10 PM,02:10 PM,FREE,BUSY
02/26/25,01:05 PM,03:05 PM,Rockies at Royals,Surprise Stadium - Surprise,"Local Radio: KOA 850 AM/94.1 FM ",02/26/25,02/26/25,04:05 PM,06:05 PM,FALSE,TRUE,02/26/25,12:05 PM,02:05 PM,FREE,BUSY
02/27/25,01:10 PM,03:10 PM,Dodgers at Rockies,Salt River Fields at Talking Stick - Scottsdale,"",02/27/25,02/27/25,04:10 PM,06:10 PM,FALSE,TRUE,02/27/25,12:10 PM,02:10 PM,FREE,BUSY
02/28/25,01:05 PM,03:05 PM,Rockies at Guardians,Goodyear Ballpark - Goodyear,"",02/28/25,02/28/25,04:05 PM,06:05 PM,FALSE,TRUE,02/28/25,12:05 PM,02:05 PM,FREE,BUSY
03/01/25,01:10 PM,03:10 PM,Rockies at D-backs,Salt River Fields at Talking Stick - Scottsdale,"Local TV: Rockies.TV ----- Local Radio: KOA 850 AM/94.1 FM ",03/01/25,03/01/25,04:10 PM,06:10 PM,FALSE,TRUE,03/01/25,12:10 PM,02:10 PM,FREE,BUSY
03/02/25,01:10 PM,03:10 PM,Mariners at Rockies,Salt River Fields at Talking Stick - Scottsdale,"",03/02/25,03/02/25,04:10 PM,06:10 PM,FALSE,TRUE,03/02/25,12:10 PM,02:10 PM,FREE,BUSY
03/03/25,01:10 PM,03:10 PM,Rockies at Angels,Tempe Diablo Stadium - Tempe,"",03/03/25,03/03/25,04:10 PM,06:10 PM,FALSE,TRUE,03/03/25,12:10 PM,02:10 PM,FREE,BUSY
03/04/25,01:10 PM,03:10 PM,Reds at Rockies,Salt River Fields at Talking Stick - Scottsdale,"Local Radio: KOA 850 AM/94.1 FM ",03/04/25,03/04/25,04:10 PM,06:10 PM,FALSE,TRUE,03/04/25,12:10 PM,02:10 PM,FREE,BUSY
03/05/25,01:10 PM,03:10 PM,Rockies at Padres,Peoria Stadium - Peoria,"",03/05/25,03/05/25,04:10 PM,06:10 PM,FALSE,TRUE,03/05/25,12:10 PM,02:10 PM,FREE,BUSY
03/08/25,01:10 PM,03:10 PM,Athletics at Rockies,Salt River Fields at Talking Stick - Scottsdale,"",03/08/25,03/08/25,04:10 PM,06:10 PM,FALSE,TRUE,03/08/25,12:10 PM,02:10 PM,FREE,BUSY
03/09/25,02:10 PM,04:10 PM,Rockies at Mariners,Peoria Stadium - Peoria,"Local TV: Rockies.TV ----- Local Radio: KOA 850 AM/94.1 FM ",03/09/25,03/09/25,05:10 PM,07:10 PM,FALSE,TRUE,03/09/25,01:10 PM,03:10 PM,FREE,BUSY
03/10/25,01:10 PM,04:10 PM,Giants at Rockies,Salt River Fields at Talking Stick - Scottsdale,"Local Radio: KOA 850 AM/94.1 FM ",03/10/25,03/10/25,04:10 PM,07:10 PM,FALSE,TRUE,03/10/25,12:10 PM,03:10 PM,FREE,BUSY
03/10/25,02:10 PM,04:10 PM,Rockies at Angels,Tempe Diablo Stadium - Tempe,"",03/10/25,03/10/25,05:10 PM,07:10 PM,FALSE,TRUE,03/10/25,01:10 PM,03:10 PM,FREE,BUSY
03/11/25,02:05 PM,04:05 PM,Rockies at Reds,Goodyear Ballpark - Goodyear,"",03/11/25,03/11/25,05:05 PM,07:05 PM,FALSE,TRUE,03/11/25,01:05 PM,03:05 PM,FREE,BUSY
03/12/25,01:10 PM,04:10 PM,Padres at Rockies,Salt River Fields at Talking Stick - Scottsdale,"Local TV: Rockies.TV",03/12/25,03/12/25,04:10 PM,07:10 PM,FALSE,TRUE,03/12/25,12:10 PM,03:10 PM,FREE,BUSY
03/13/25,12:10 PM,03:10 PM,Guardians at Rockies,Salt River Fields at Talking Stick - Scottsdale,"Local TV: Rockies.TV",03/13/25,03/13/25,03:10 PM,06:10 PM,FALSE,TRUE,03/13/25,11:10 AM,02:10 PM,FREE,BUSY
03/14/25,07:05 PM,09:05 PM,Rockies at Rangers,Surprise Stadium - Surprise,"",03/14/25,03/15/25,10:05 PM,12:05 AM,FALSE,TRUE,03/14/25,06:05 PM,08:05 PM,FREE,BUSY
03/15/25,02:05 PM,04:05 PM,Rockies at White Sox,Camelback Ranch - Glendale,"",03/15/25,03/15/25,05:05 PM,07:05 PM,FALSE,TRUE,03/15/25,01:05 PM,03:05 PM,FREE,BUSY
03/16/25,01:10 PM,04:10 PM,Royals at Rockies,Salt River Fields at Talking Stick - Scottsdale,"Local Radio: KOA 850 AM/94.1 FM ",03/16/25,03/16/25,04:10 PM,07:10 PM,FALSE,TRUE,03/16/25,12:10 PM,03:10 PM,FREE,BUSY
03/18/25,06:40 PM,09:40 PM,Giants at Rockies,Salt River Fields at Talking Stick - Scottsdale,"Local Radio: KOA 850 AM/94.1 FM ",03/18/25,03/19/25,09:40 PM,12:40 AM,FALSE,TRUE,03/18/25,05:40 PM,08:40 PM,FREE,BUSY
03/19/25,02:10 PM,04:10 PM,Rockies at D-backs,Salt River Fields at Talking Stick - Scottsdale,"",03/19/25,03/19/25,05:10 PM,07:10 PM,FALSE,TRUE,03/19/25,01:10 PM,03:10 PM,FREE,BUSY
03/20/25,07:05 PM,09:05 PM,Rockies at Rangers,Surprise Stadium - Surprise,"Local Radio: KOA 850 AM/94.1 FM ",03/20/25,03/21/25,10:05 PM,12:05 AM,FALSE,TRUE,03/20/25,06:05 PM,08:05 PM,FREE,BUSY
03/21/25,01:10 PM,04:10 PM,Angels at Rockies,Salt River Fields at Talking Stick - Scottsdale,"",03/21/25,03/21/25,04:10 PM,07:10 PM,FALSE,TRUE,03/21/25,12:10 PM,03:10 PM,FREE,BUSY
03/22/25,02:05 PM,04:05 PM,Rockies at Cubs,Sloan Park - Mesa,"",03/22/25,03/22/25,05:05 PM,07:05 PM,FALSE,TRUE,03/22/25,01:05 PM,03:05 PM,FREE,BUSY
03/22/25,01:10 PM,04:10 PM,White Sox at Rockies,Salt River Fields at Talking Stick - Scottsdale,"",03/22/25,03/22/25,04:10 PM,07:10 PM,FALSE,TRUE,03/22/25,12:10 PM,03:10 PM,FREE,BUSY
03/23/25,02:10 PM,04:10 PM,Rockies at Brewers,American Family Fields of Phoenix - Phoenix,"",03/23/25,03/23/25,05:10 PM,07:10 PM,FALSE,TRUE,03/23/25,01:10 PM,03:10 PM,FREE,BUSY
03/24/25,12:10 PM,03:10 PM,Brewers at Rockies,Salt River Fields at Talking Stick - Scottsdale,"Local TV: Rockies.TV ----- Local Radio: KOA 850 AM/94.1 FM ",03/24/25,03/24/25,03:10 PM,06:10 PM,FALSE,TRUE,03/24/25,11:10 AM,02:10 PM,FREE,BUSY
03/25/25,11:05 AM,01:05 PM,Rockies at Twins,Lee Health Sports Complex - Fort Myers,"Local TV: Rockies.TV- MLBN (out-of-market only)",03/25/25,03/25/25,02:05 PM,04:05 PM,FALSE,TRUE,03/25/25,10:05 AM,12:05 PM,FREE,BUSY
03/28/25,02:10 PM,04:10 PM,Rockies at Rays,George M. Steinbrenner Field - Tampa,"Local TV: Rockies.TV ----- Local Radio: KOA 850 AM/94.1 FM ",03/28/25,03/28/25,05:10 PM,07:10 PM,FALSE,TRUE,03/28/25,01:10 PM,03:10 PM,FREE,BUSY
03/29/25,02:10 PM,04:10 PM,Rockies at Rays,George M. Steinbrenner Field - Tampa,"Local TV: Rockies.TV ----- Local Radio: KOA 850 AM/94.1 FM ",03/29/25,03/29/25,05:10 PM,07:10 PM,FALSE,TRUE,03/29/25,01:10 PM,03:10 PM,FREE,BUSY
03/30/25,11:40 AM,01:40 PM,Rockies at Rays,George M. Steinbrenner Field - Tampa,"Local TV: Rockies.TV ----- Local Radio: KOA 850 AM/94.1 FM ",03/30/25,03/30/25,02:40 PM,04:40 PM,FALSE,TRUE,03/30/25,10:40 AM,12:40 PM,FREE,BUSY
03/31/25,01:05 PM,03:05 PM,Rockies at Phillies,Citizens Bank Park - Philadelphia,"Local TV: Rockies.TV ----- Local Radio: KOA 850 AM/94.1 FM ",03/31/25,03/31/25,04:05 PM,06:05 PM,FALSE,TRUE,03/31/25,12:05 PM,02:05 PM,FREE,BUSY
04/02/25,04:45 PM,06:45 PM,Rockies at Phillies,Citizens Bank Park - Philadelphia,"Local TV: Rockies.TV ----- Local Radio: KOA 850 AM/94.1 FM ",04/02/25,04/02/25,07:45 PM,09:45 PM,FALSE,TRUE,04/02/25,03:45 PM,05:45 PM,FREE,BUSY
04/03/25,11:05 AM,01:05 PM,Rockies at Phillies,Citizens Bank Park - Philadelphia,"Local TV: Rockies.TV ----- Local Radio: KOA 850 AM/94.1 FM ",04/03/25,04/03/25,02:05 PM,04:05 PM,FALSE,TRUE,04/03/25,10:05 AM,12:05 PM,FREE,BUSY
04/04/25,02:10 PM,04:10 PM,Athletics at Rockies,Coors Field - Denver,"Local TV: Rockies.TV ----- Local Radio: KOA 850 AM/94.1 FM - KNRV 1150",04/04/25,04/04/25,05:10 PM,07:10 PM,FALSE,TRUE,04/04/25,01:10 PM,03:10 PM,FREE,BUSY
04/05/25,06:10 PM,08:10 PM,Athletics at Rockies,Coors Field - Denver,"Local TV: Rockies.TV ----- Local Radio: KOA 850 AM/94.1 FM - KNRV 1150",04/05/25,04/05/25,09:10 PM,11:10 PM,FALSE,TRUE,04/05/25,05:10 PM,07:10 PM,FREE,BUSY
04/06/25,01:10 PM,03:10 PM,Athletics at Rockies,Coors Field - Denver,"Local TV: Rockies.TV ----- Local Radio: KOA 850 AM/94.1 FM - KNRV 1150",04/06/25,04/06/25,04:10 PM,06:10 PM,FALSE,TRUE,04/06/25,12:10 PM,02:10 PM,FREE,BUSY
04/08/25,06:40 PM,08:40 PM,Brewers at Rockies,Coors Field - Denver,"Local TV: Rockies.TV ----- Local Radio: KOA 850 AM/94.1 FM - KNRV 1150",04/08/25,04/08/25,09:40 PM,11:40 PM,FALSE,TRUE,04/08/25,05:40 PM,07:40 PM,FREE,BUSY
04/09/25,06:40 PM,08:40 PM,Brewers at Rockies,Coors Field - Denver,"Local TV: Rockies.TV ----- Local Radio: KOA 850 AM/94.1 FM - KNRV 1150",04/09/25,04/09/25,09:40 PM,11:40 PM,FALSE,TRUE,04/09/25,05:40 PM,07:40 PM,FREE,BUSY
04/10/25,01:10 PM,03:10 PM,Brewers at Rockies,Coors Field - Denver,"Local TV: Rockies.TV ----- Local Radio: KOA 850 AM/94.1 FM - KNRV 1150",04/10/25,04/10/25,04:10 PM,06:10 PM,FALSE,TRUE,04/10/25,12:10 PM,02:10 PM,FREE,BUSY
04/11/25,07:40 PM,09:40 PM,Rockies at Padres,Petco Park - San Diego,"Local TV: Rockies.TV ----- Local Radio: KOA 850 AM/94.1 FM ",04/11/25,04/12/25,10:40 PM,12:40 AM,FALSE,TRUE,04/11/25,06:40 PM,08:40 PM,FREE,BUSY
04/12/25,06:40 PM,08:40 PM,Rockies at Padres,Petco Park - San Diego,"Local TV: Rockies.TV ----- Local Radio: KOA 850 AM/94.1 FM ",04/12/25,04/12/25,09:40 PM,11:40 PM,FALSE,TRUE,04/12/25,05:40 PM,07:40 PM,FREE,BUSY
04/13/25,02:10 PM,04:10 PM,Rockies at Padres,Petco Park - San Diego,"Local TV: Rockies.TV ----- Local Radio: KOA 850 AM/94.1 FM ",04/13/25,04/13/25,05:10 PM,07:10 PM,FALSE,TRUE,04/13/25,01:10 PM,03:10 PM,FREE,BUSY
04/14/25,08:10 PM,10:10 PM,Rockies at Dodgers,Dodger Stadium - Los Angeles,"Local TV: Rockies.TV ----- Local Radio: KOA 850 AM/94.1 FM ",04/14/25,04/15/25,11:10 PM,01:10 AM,FALSE,TRUE,04/14/25,07:10 PM,09:10 PM,FREE,BUSY
04/15/25,08:10 PM,10:10 PM,Rockies at Dodgers,Dodger Stadium - Los Angeles,"Local TV: Rockies.TV ----- Local Radio: KOA 850 AM/94.1 FM ",04/15/25,04/16/25,11:10 PM,01:10 AM,FALSE,TRUE,04/15/25,07:10 PM,09:10 PM,FREE,BUSY
04/16/25,08:10 PM,10:10 PM,Rockies at Dodgers,Dodger Stadium - Los Angeles,"Local TV: Rockies.TV ----- Local Radio: KOA 850 AM/94.1 FM ",04/16/25,04/17/25,11:10 PM,01:10 AM,FALSE,TRUE,04/16/25,07:10 PM,09:10 PM,FREE,BUSY
04/19/25,02:10 PM,04:10 PM,Nationals at Rockies,Coors Field - Denver,"Local TV: Rockies.TV ----- Local Radio: KOA 850 AM/94.1 FM - KNRV 1150",04/19/25,04/19/25,05:10 PM,07:10 PM,FALSE,TRUE,04/19/25,01:10 PM,03:10 PM,FREE,BUSY
04/20/25,01:10 PM,03:10 PM,Nationals at Rockies,Coors Field - Denver,"Local TV: Rockies.TV ----- Local Radio: KOA 850 AM/94.1 FM - KNRV 1150",04/20/25,04/20/25,04:10 PM,06:10 PM,FALSE,TRUE,04/20/25,12:10 PM,02:10 PM,FREE,BUSY
04/20/25,06:10 PM,08:10 PM,Nationals at Rockies,Coors Field - Denver,"Local TV: Rockies.TV ----- Local Radio: KOA 850 AM/94.1 FM - KNRV 1150",04/20/25,04/20/25,09:10 PM,11:10 PM,FALSE,TRUE,04/20/25,05:10 PM,07:10 PM,FREE,BUSY
04/22/25,05:40 PM,07:40 PM,Rockies at Royals,Kauffman Stadium - Kansas City,"Local TV: Rockies.TV ----- Local Radio: KOA 850 AM/94.1 FM ",04/22/25,04/22/25,08:40 PM,10:40 PM,FALSE,TRUE,04/22/25,04:40 PM,06:40 PM,FREE,BUSY
04/23/25,05:40 PM,07:40 PM,Rockies at Royals,Kauffman Stadium - Kansas City,"Local TV: Rockies.TV ----- Local Radio: KOA 850 AM/94.1 FM ",04/23/25,04/23/25,08:40 PM,10:40 PM,FALSE,TRUE,04/23/25,04:40 PM,06:40 PM,FREE,BUSY
04/24/25,12:10 PM,02:10 PM,Rockies at Royals,Kauffman Stadium - Kansas City,"Local TV: Rockies.TV ----- Local Radio: KOA 850 AM/94.1 FM ",04/24/25,04/24/25,03:10 PM,05:10 PM,FALSE,TRUE,04/24/25,11:10 AM,01:10 PM,FREE,BUSY
04/25/25,06:40 PM,08:40 PM,Reds at Rockies,Coors Field - Denver,"Local TV: Rockies.TV ----- Local Radio: KOA 850 AM/94.1 FM - KNRV 1150",04/25/25,04/25/25,09:40 PM,11:40 PM,FALSE,TRUE,04/25/25,05:40 PM,07:40 PM,FREE,BUSY
04/26/25,01:10 PM,03:10 PM,Reds at Rockies,Coors Field - Denver,"Local TV: Rockies.TV ----- Local Radio: KOA 850 AM/94.1 FM - KNRV 1150",04/26/25,04/26/25,04:10 PM,06:10 PM,FALSE,TRUE,04/26/25,12:10 PM,02:10 PM,FREE,BUSY
04/27/25,01:10 PM,03:10 PM,Reds at Rockies,Coors Field - Denver,"Local TV: Rockies.TV ----- Local Radio: KOA 850 AM/94.1 FM - KNRV 1150",04/27/25,04/27/25,04:10 PM,06:10 PM,FALSE,TRUE,04/27/25,12:10 PM,02:10 PM,FREE,BUSY
04/28/25,06:40 PM,08:40 PM,Braves at Rockies,Coors Field - Denver,"Local TV: Rockies.TV ----- Local Radio: KOA 850 AM/94.1 FM - KNRV 1150",04/28/25,04/28/25,09:40 PM,11:40 PM,FALSE,TRUE,04/28/25,05:40 PM,07:40 PM,FREE,BUSY
04/29/25,06:40 PM,08:40 PM,Braves at Rockies,Coors Field - Denver,"Local TV: Rockies.TV ----- Local Radio: KOA 850 AM/94.1 FM - KNRV 1150",04/29/25,04/29/25,09:40 PM,11:40 PM,FALSE,TRUE,04/29/25,05:40 PM,07:40 PM,FREE,BUSY
04/30/25,01:10 PM,03:10 PM,Braves at Rockies,Coors Field - Denver,"Local TV: Rockies.TV ----- Local Radio: KOA 850 AM/94.1 FM - KNRV 1150",04/30/25,04/30/25,04:10 PM,06:10 PM,FALSE,TRUE,04/30/25,12:10 PM,02:10 PM,FREE,BUSY
05/01/25,07:45 PM,09:45 PM,Rockies at Giants,Oracle Park - San Francisco,"Local TV: Rockies.TV ----- Local Radio: KOA 850 AM/94.1 FM ",05/01/25,05/02/25,10:45 PM,12:45 AM,FALSE,TRUE,05/01/25,06:45 PM,08:45 PM,FREE,BUSY
05/02/25,08:15 PM,10:15 PM,Rockies at Giants,Oracle Park - San Francisco,"Local TV: Rockies.TV- MLBN (out-of-market only) ----- Local Radio: KOA 850 AM/94.1 FM ",05/02/25,05/03/25,11:15 PM,01:15 AM,FALSE,TRUE,05/02/25,07:15 PM,09:15 PM,FREE,BUSY
05/03/25,02:05 PM,04:05 PM,Rockies at Giants,Oracle Park - San Francisco,"Local TV: Rockies.TV ----- Local Radio: KOA 850 AM/94.1 FM ",05/03/25,05/03/25,05:05 PM,07:05 PM,FALSE,TRUE,05/03/25,01:05 PM,03:05 PM,FREE,BUSY
05/04/25,02:05 PM,04:05 PM,Rockies at Giants,Oracle Park - San Francisco,"Local TV: Rockies.TV ----- Local Radio: KOA 850 AM/94.1 FM ",05/04/25,05/04/25,05:05 PM,07:05 PM,FALSE,TRUE,05/04/25,01:05 PM,03:05 PM,FREE,BUSY
05/06/25,06:40 PM,08:40 PM,Tigers at Rockies,Coors Field - Denver,"Local TV: Rockies.TV ----- Local Radio: KOA 850 AM/94.1 FM - KNRV 1150",05/06/25,05/06/25,09:40 PM,11:40 PM,FALSE,TRUE,05/06/25,05:40 PM,07:40 PM,FREE,BUSY
05/07/25,06:40 PM,08:40 PM,Tigers at Rockies,Coors Field - Denver,"Local TV: Rockies.TV ----- Local Radio: KOA 850 AM/94.1 FM - KNRV 1150",05/07/25,05/07/25,09:40 PM,11:40 PM,FALSE,TRUE,05/07/25,05:40 PM,07:40 PM,FREE,BUSY
05/08/25,01:10 PM,03:10 PM,Tigers at Rockies,Coors Field - Denver,"Local TV: Rockies.TV ----- Local Radio: KOA 850 AM/94.1 FM - KNRV 1150",05/08/25,05/08/25,04:10 PM,06:10 PM,FALSE,TRUE,05/08/25,12:10 PM,02:10 PM,FREE,BUSY
05/09/25,06:40 PM,08:40 PM,Padres at Rockies,Coors Field - Denver,"Local TV: Rockies.TV ----- Local Radio: KOA 850 AM/94.1 FM - KNRV 1150",05/09/25,05/09/25,09:40 PM,11:40 PM,FALSE,TRUE,05/09/25,05:40 PM,07:40 PM,FREE,BUSY
05/10/25,06:10 PM,08:10 PM,Padres at Rockies,Coors Field - Denver,"Local TV: Rockies.TV ----- Local Radio: KOA 850 AM/94.1 FM - KNRV 1150",05/10/25,05/10/25,09:10 PM,11:10 PM,FALSE,TRUE,05/10/25,05:10 PM,07:10 PM,FREE,BUSY
05/11/25,01:10 PM,03:10 PM,Padres at Rockies,Coors Field - Denver,"Local TV: Rockies.TV ----- Local Radio: KOA 850 AM/94.1 FM - KNRV 1150",05/11/25,05/11/25,04:10 PM,06:10 PM,FALSE,TRUE,05/11/25,12:10 PM,02:10 PM,FREE,BUSY
05/12/25,06:05 PM,08:05 PM,Rockies at Rangers,Globe Life Field - Arlington,"Local TV: Rockies.TV ----- Local Radio: KOA 850 AM/94.1 FM ",05/12/25,05/12/25,09:05 PM,11:05 PM,FALSE,TRUE,05/12/25,05:05 PM,07:05 PM,FREE,BUSY
05/13/25,06:05 PM,08:05 PM,Rockies at Rangers,Globe Life Field - Arlington,"Local TV: Rockies.TV ----- Local Radio: KOA 850 AM/94.1 FM ",05/13/25,05/13/25,09:05 PM,11:05 PM,FALSE,TRUE,05/13/25,05:05 PM,07:05 PM,FREE,BUSY
05/14/25,06:05 PM,08:05 PM,Rockies at Rangers,Globe Life Field - Arlington,"Local TV: Rockies.TV ----- Local Radio: KOA 850 AM/94.1 FM ",05/14/25,05/14/25,09:05 PM,11:05 PM,FALSE,TRUE,05/14/25,05:05 PM,07:05 PM,FREE,BUSY
05/16/25,07:40 PM,09:40 PM,Rockies at D-backs,Chase Field - Phoenix,"Local TV: Rockies.TV ----- Local Radio: KOA 850 AM/94.1 FM ",05/16/25,05/17/25,10:40 PM,12:40 AM,FALSE,TRUE,05/16/25,06:40 PM,08:40 PM,FREE,BUSY
05/17/25,06:10 PM,08:10 PM,Rockies at D-backs,Chase Field - Phoenix,"Local TV: Rockies.TV ----- Local Radio: KOA 850 AM/94.1 FM ",05/17/25,05/17/25,09:10 PM,11:10 PM,FALSE,TRUE,05/17/25,05:10 PM,07:10 PM,FREE,BUSY
05/18/25,02:10 PM,04:10 PM,Rockies at D-backs,Chase Field - Phoenix,"Local TV: Rockies.TV ----- Local Radio: KOA 850 AM/94.1 FM ",05/18/25,05/18/25,05:10 PM,07:10 PM,FALSE,TRUE,05/18/25,01:10 PM,03:10 PM,FREE,BUSY
05/19/25,06:40 PM,08:40 PM,Phillies at Rockies,Coors Field - Denver,"Local TV: Rockies.TV ----- Local Radio: KOA 850 AM/94.1 FM - KNRV 1150",05/19/25,05/19/25,09:40 PM,11:40 PM,FALSE,TRUE,05/19/25,05:40 PM,07:40 PM,FREE,BUSY
05/20/25,06:40 PM,08:40 PM,Phillies at Rockies,Coors Field - Denver,"Local TV: Rockies.TV ----- Local Radio: KOA 850 AM/94.1 FM - KNRV 1150",05/20/25,05/20/25,09:40 PM,11:40 PM,FALSE,TRUE,05/20/25,05:40 PM,07:40 PM,FREE,BUSY
05/21/25,06:40 PM,08:40 PM,Phillies at Rockies,Coors Field - Denver,"Local TV: Rockies.TV ----- Local Radio: KOA 850 AM/94.1 FM - KNRV 1150",05/21/25,05/21/25,09:40 PM,11:40 PM,FALSE,TRUE,05/21/25,05:40 PM,07:40 PM,FREE,BUSY
05/22/25,01:10 PM,03:10 PM,Phillies at Rockies,Coors Field - Denver,"Local TV: Rockies.TV ----- Local Radio: KOA 850 AM/94.1 FM - KNRV 1150",05/22/25,05/22/25,04:10 PM,06:10 PM,FALSE,TRUE,05/22/25,12:10 PM,02:10 PM,FREE,BUSY
05/23/25,06:40 PM,08:40 PM,Yankees at Rockies,Coors Field - Denver,"Local TV: Rockies.TV ----- Local Radio: KOA 850 AM/94.1 FM - KNRV 1150",05/23/25,05/23/25,09:40 PM,11:40 PM,FALSE,TRUE,05/23/25,05:40 PM,07:40 PM,FREE,BUSY
05/24/25,02:10 PM,04:10 PM,Yankees at Rockies,Coors Field - Denver,"Local TV: Rockies.TV ----- Local Radio: KOA 850 AM/94.1 FM - KNRV 1150",05/24/25,05/24/25,05:10 PM,07:10 PM,FALSE,TRUE,05/24/25,01:10 PM,03:10 PM,FREE,BUSY
05/25/25,01:10 PM,03:10 PM,Yankees at Rockies,Coors Field - Denver,"Local TV: Rockies.TV ----- Local Radio: KOA 850 AM/94.1 FM - KNRV 1150",05/25/25,05/25/25,04:10 PM,06:10 PM,FALSE,TRUE,05/25/25,12:10 PM,02:10 PM,FREE,BUSY
05/26/25,12:20 PM,02:20 PM,Rockies at Cubs,Wrigley Field - Chicago,"Local TV: Rockies.TV ----- Local Radio: KOA 850 AM/94.1 FM ",05/26/25,05/26/25,03:20 PM,05:20 PM,FALSE,TRUE,05/26/25,11:20 AM,01:20 PM,FREE,BUSY
05/27/25,06:05 PM,08:05 PM,Rockies at Cubs,Wrigley Field - Chicago,"Local TV: Rockies.TV ----- Local Radio: KOA 850 AM/94.1 FM ",05/27/25,05/27/25,09:05 PM,11:05 PM,FALSE,TRUE,05/27/25,05:05 PM,07:05 PM,FREE,BUSY
05/28/25,06:05 PM,08:05 PM,Rockies at Cubs,Wrigley Field - Chicago,"Local TV: Rockies.TV ----- Local Radio: KOA 850 AM/94.1 FM ",05/28/25,05/28/25,09:05 PM,11:05 PM,FALSE,TRUE,05/28/25,05:05 PM,07:05 PM,FREE,BUSY
05/30/25,05:10 PM,07:10 PM,Rockies at Mets,Citi Field - Flushing,"Local TV: Rockies.TV ----- Local Radio: KOA 850 AM/94.1 FM ",05/30/25,05/30/25,08:10 PM,10:10 PM,FALSE,TRUE,05/30/25,04:10 PM,06:10 PM,FREE,BUSY
05/31/25,02:10 PM,04:10 PM,Rockies at Mets,Citi Field - Flushing,"Local TV: Rockies.TV ----- Local Radio: KOA 850 AM/94.1 FM ",05/31/25,05/31/25,05:10 PM,07:10 PM,FALSE,TRUE,05/31/25,01:10 PM,03:10 PM,FREE,BUSY
06/01/25,11:40 AM,01:40 PM,Rockies at Mets,Citi Field - Flushing,"Local TV: Rockies.TV ----- Local Radio: KOA 850 AM/94.1 FM ",06/01/25,06/01/25,02:40 PM,04:40 PM,FALSE,TRUE,06/01/25,10:40 AM,12:40 PM,FREE,BUSY
06/02/25,04:40 PM,06:40 PM,Rockies at Marlins,loanDepot park - Miami,"Local TV: Rockies.TV ----- Local Radio: KOA 850 AM/94.1 FM ",06/02/25,06/02/25,07:40 PM,09:40 PM,FALSE,TRUE,06/02/25,03:40 PM,05:40 PM,FREE,BUSY
06/03/25,04:40 PM,06:40 PM,Rockies at Marlins,loanDepot park - Miami,"Local TV: Rockies.TV ----- Local Radio: KOA 850 AM/94.1 FM ",06/03/25,06/03/25,07:40 PM,09:40 PM,FALSE,TRUE,06/03/25,03:40 PM,05:40 PM,FREE,BUSY
06/04/25,10:10 AM,12:10 PM,Rockies at Marlins,loanDepot park - Miami,"Local TV: Rockies.TV ----- Local Radio: KOA 850 AM/94.1 FM ",06/04/25,06/04/25,01:10 PM,03:10 PM,FALSE,TRUE,06/04/25,09:10 AM,11:10 AM,FREE,BUSY
06/06/25,06:40 PM,08:40 PM,Mets at Rockies,Coors Field - Denver,"Local TV: Rockies.TV ----- Local Radio: KOA 850 AM/94.1 FM - KNRV 1150",06/06/25,06/06/25,09:40 PM,11:40 PM,FALSE,TRUE,06/06/25,05:40 PM,07:40 PM,FREE,BUSY
06/07/25,07:40 PM,09:40 PM,Mets at Rockies,Coors Field - Denver,"Local TV: Rockies.TV ----- Local Radio: KOA 850 AM/94.1 FM - KNRV 1150",06/07/25,06/08/25,10:40 PM,12:40 AM,FALSE,TRUE,06/07/25,06:40 PM,08:40 PM,FREE,BUSY
06/08/25,01:10 PM,03:10 PM,Mets at Rockies,Coors Field - Denver,"Local TV: Rockies.TV ----- Local Radio: KOA 850 AM/94.1 FM - KNRV 1150",06/08/25,06/08/25,04:10 PM,06:10 PM,FALSE,TRUE,06/08/25,12:10 PM,02:10 PM,FREE,BUSY
06/10/25,06:40 PM,08:40 PM,Giants at Rockies,Coors Field - Denver,"Local TV: Rockies.TV ----- Local Radio: KOA 850 AM/94.1 FM - KNRV 1150",06/10/25,06/10/25,09:40 PM,11:40 PM,FALSE,TRUE,06/10/25,05:40 PM,07:40 PM,FREE,BUSY
06/11/25,06:40 PM,08:40 PM,Giants at Rockies,Coors Field - Denver,"Local TV: Rockies.TV ----- Local Radio: KOA 850 AM/94.1 FM - KNRV 1150",06/11/25,06/11/25,09:40 PM,11:40 PM,FALSE,TRUE,06/11/25,05:40 PM,07:40 PM,FREE,BUSY
06/12/25,01:10 PM,03:10 PM,Giants at Rockies,Coors Field - Denver,"Local TV: Rockies.TV ----- Local Radio: KOA 850 AM/94.1 FM - KNRV 1150",06/12/25,06/12/25,04:10 PM,06:10 PM,FALSE,TRUE,06/12/25,12:10 PM,02:10 PM,FREE,BUSY
06/13/25,05:15 PM,07:15 PM,Rockies at Braves,Truist Park - Atlanta,"Local TV: Rockies.TV ----- Local Radio: KOA 850 AM/94.1 FM ",06/13/25,06/13/25,08:15 PM,10:15 PM,FALSE,TRUE,06/13/25,04:15 PM,06:15 PM,FREE,BUSY
06/14/25,02:10 PM,04:10 PM,Rockies at Braves,Truist Park - Atlanta,"Local TV: Rockies.TV ----- Local Radio: KOA 850 AM/94.1 FM ",06/14/25,06/14/25,05:10 PM,07:10 PM,FALSE,TRUE,06/14/25,01:10 PM,03:10 PM,FREE,BUSY
06/15/25,11:35 AM,01:35 PM,Rockies at Braves,Truist Park - Atlanta,"Local TV: Rockies.TV ----- Local Radio: KOA 850 AM/94.1 FM ",06/15/25,06/15/25,02:35 PM,04:35 PM,FALSE,TRUE,06/15/25,10:35 AM,12:35 PM,FREE,BUSY
06/16/25,04:45 PM,06:45 PM,Rockies at Nationals,Nationals Park - Washington,"Local TV: Rockies.TV ----- Local Radio: KOA 850 AM/94.1 FM ",06/16/25,06/16/25,07:45 PM,09:45 PM,FALSE,TRUE,06/16/25,03:45 PM,05:45 PM,FREE,BUSY
06/17/25,04:45 PM,06:45 PM,Rockies at Nationals,Nationals Park - Washington,"Local TV: Rockies.TV ----- Local Radio: KOA 850 AM/94.1 FM ",06/17/25,06/17/25,07:45 PM,09:45 PM,FALSE,TRUE,06/17/25,03:45 PM,05:45 PM,FREE,BUSY
06/18/25,04:45 PM,06:45 PM,Rockies at Nationals,Nationals Park - Washington,"Local TV: Rockies.TV ----- Local Radio: KOA 850 AM/94.1 FM ",06/18/25,06/18/25,07:45 PM,09:45 PM,FALSE,TRUE,06/18/25,03:45 PM,05:45 PM,FREE,BUSY
06/19/25,11:05 AM,01:05 PM,Rockies at Nationals,Nationals Park - Washington,"Local TV: Rockies.TV ----- Local Radio: KOA 850 AM/94.1 FM ",06/19/25,06/19/25,02:05 PM,04:05 PM,FALSE,TRUE,06/19/25,10:05 AM,12:05 PM,FREE,BUSY
06/20/25,06:40 PM,08:40 PM,D-backs at Rockies,Coors Field - Denver,"Local TV: Rockies.TV ----- Local Radio: KOA 850 AM/94.1 FM - KNRV 1150",06/20/25,06/20/25,09:40 PM,11:40 PM,FALSE,TRUE,06/20/25,05:40 PM,07:40 PM,FREE,BUSY
06/21/25,07:10 PM,09:10 PM,D-backs at Rockies,Coors Field - Denver,"Local TV: Rockies.TV ----- Local Radio: KOA 850 AM/94.1 FM - KNRV 1150",06/21/25,06/22/25,10:10 PM,12:10 AM,FALSE,TRUE,06/21/25,06:10 PM,08:10 PM,FREE,BUSY
06/22/25,01:10 PM,03:10 PM,D-backs at Rockies,Coors Field - Denver,"Local TV: Rockies.TV ----- Local Radio: KOA 850 AM/94.1 FM - KNRV 1150",06/22/25,06/22/25,04:10 PM,06:10 PM,FALSE,TRUE,06/22/25,12:10 PM,02:10 PM,FREE,BUSY
06/24/25,06:40 PM,08:40 PM,Dodgers at Rockies,Coors Field - Denver,"Local TV: Rockies.TV ----- Local Radio: KOA 850 AM/94.1 FM - KNRV 1150",06/24/25,06/24/25,09:40 PM,11:40 PM,FALSE,TRUE,06/24/25,05:40 PM,07:40 PM,FREE,BUSY
06/25/25,06:40 PM,08:40 PM,Dodgers at Rockies,Coors Field - Denver,"Local TV: Rockies.TV ----- Local Radio: KOA 850 AM/94.1 FM - KNRV 1150",06/25/25,06/25/25,09:40 PM,11:40 PM,FALSE,TRUE,06/25/25,05:40 PM,07:40 PM,FREE,BUSY
06/26/25,01:10 PM,03:10 PM,Dodgers at Rockies,Coors Field - Denver,"Local TV: Rockies.TV ----- Local Radio: KOA 850 AM/94.1 FM - KNRV 1150",06/26/25,06/26/25,04:10 PM,06:10 PM,FALSE,TRUE,06/26/25,12:10 PM,02:10 PM,FREE,BUSY
06/27/25,06:10 PM,08:10 PM,Rockies at Brewers,American Family Field - Milwaukee,"Local TV: Rockies.TV ----- Local Radio: KOA 850 AM/94.1 FM ",06/27/25,06/27/25,09:10 PM,11:10 PM,FALSE,TRUE,06/27/25,05:10 PM,07:10 PM,FREE,BUSY
06/28/25,02:10 PM,04:10 PM,Rockies at Brewers,American Family Field - Milwaukee,"Local TV: Rockies.TV ----- Local Radio: KOA 850 AM/94.1 FM ",06/28/25,06/28/25,05:10 PM,07:10 PM,FALSE,TRUE,06/28/25,01:10 PM,03:10 PM,FREE,BUSY
06/29/25,12:10 PM,02:10 PM,Rockies at Brewers,American Family Field - Milwaukee,"Local TV: Rockies.TV ----- Local Radio: KOA 850 AM/94.1 FM ",06/29/25,06/29/25,03:10 PM,05:10 PM,FALSE,TRUE,06/29/25,11:10 AM,01:10 PM,FREE,BUSY
07/01/25,06:40 PM,08:40 PM,Astros at Rockies,Coors Field - Denver,"Local TV: Rockies.TV ----- Local Radio: KOA 850 AM/94.1 FM - KNRV 1150",07/01/25,07/01/25,09:40 PM,11:40 PM,FALSE,TRUE,07/01/25,05:40 PM,07:40 PM,FREE,BUSY
07/02/25,06:40 PM,08:40 PM,Astros at Rockies,Coors Field - Denver,"Local TV: Rockies.TV ----- Local Radio: KOA 850 AM/94.1 FM - KNRV 1150",07/02/25,07/02/25,09:40 PM,11:40 PM,FALSE,TRUE,07/02/25,05:40 PM,07:40 PM,FREE,BUSY
07/03/25,01:10 PM,03:10 PM,Astros at Rockies,Coors Field - Denver,"Local TV: Rockies.TV ----- Local Radio: KOA 850 AM/94.1 FM - KNRV 1150",07/03/25,07/03/25,04:10 PM,06:10 PM,FALSE,TRUE,07/03/25,12:10 PM,02:10 PM,FREE,BUSY
07/04/25,06:10 PM,08:10 PM,White Sox at Rockies,Coors Field - Denver,"Local TV: Rockies.TV ----- Local Radio: KOA 850 AM/94.1 FM - KNRV 1150",07/04/25,07/04/25,09:10 PM,11:10 PM,FALSE,TRUE,07/04/25,05:10 PM,07:10 PM,FREE,BUSY
07/05/25,07:10 PM,09:10 PM,White Sox at Rockies,Coors Field - Denver,"Local TV: Rockies.TV ----- Local Radio: KOA 850 AM/94.1 FM - KNRV 1150",07/05/25,07/06/25,10:10 PM,12:10 AM,FALSE,TRUE,07/05/25,06:10 PM,08:10 PM,FREE,BUSY
07/06/25,01:10 PM,03:10 PM,White Sox at Rockies,Coors Field - Denver,"Local TV: Rockies.TV ----- Local Radio: KOA 850 AM/94.1 FM - KNRV 1150",07/06/25,07/06/25,04:10 PM,06:10 PM,FALSE,TRUE,07/06/25,12:10 PM,02:10 PM,FREE,BUSY
07/07/25,05:10 PM,07:10 PM,Rockies at Red Sox,Fenway Park - Boston,"Local TV: Rockies.TV ----- Local Radio: KOA 850 AM/94.1 FM ",07/07/25,07/07/25,08:10 PM,10:10 PM,FALSE,TRUE,07/07/25,04:10 PM,06:10 PM,FREE,BUSY
07/08/25,05:10 PM,07:10 PM,Rockies at Red Sox,Fenway Park - Boston,"Local TV: Rockies.TV ----- Local Radio: KOA 850 AM/94.1 FM ",07/08/25,07/08/25,08:10 PM,10:10 PM,FALSE,TRUE,07/08/25,04:10 PM,06:10 PM,FREE,BUSY
07/09/25,05:10 PM,07:10 PM,Rockies at Red Sox,Fenway Park - Boston,"Local TV: Rockies.TV ----- Local Radio: KOA 850 AM/94.1 FM ",07/09/25,07/09/25,08:10 PM,10:10 PM,FALSE,TRUE,07/09/25,04:10 PM,06:10 PM,FREE,BUSY
07/11/25,05:10 PM,07:10 PM,Rockies at Reds,Great American Ball Park - Cincinnati,"Local TV: Rockies.TV ----- Local Radio: KOA 850 AM/94.1 FM ",07/11/25,07/11/25,08:10 PM,10:10 PM,FALSE,TRUE,07/11/25,04:10 PM,06:10 PM,FREE,BUSY
07/12/25,02:10 PM,04:10 PM,Rockies at Reds,Great American Ball Park - Cincinnati,"Local TV: Rockies.TV ----- Local Radio: KOA 850 AM/94.1 FM ",07/12/25,07/12/25,05:10 PM,07:10 PM,FALSE,TRUE,07/12/25,01:10 PM,03:10 PM,FREE,BUSY
07/13/25,11:40 AM,01:40 PM,Rockies at Reds,Great American Ball Park - Cincinnati,"Local TV: Rockies.TV ----- Local Radio: KOA 850 AM/94.1 FM ",07/13/25,07/13/25,02:40 PM,04:40 PM,FALSE,TRUE,07/13/25,10:40 AM,12:40 PM,FREE,BUSY
07/18/25,06:40 PM,08:40 PM,Twins at Rockies,Coors Field - Denver,"Local TV: Rockies.TV ----- Local Radio: KOA 850 AM/94.1 FM - KNRV 1150",07/18/25,07/18/25,09:40 PM,11:40 PM,FALSE,TRUE,07/18/25,05:40 PM,07:40 PM,FREE,BUSY
07/19/25,06:10 PM,08:10 PM,Twins at Rockies,Coors Field - Denver,"Local TV: Rockies.TV ----- Local Radio: KOA 850 AM/94.1 FM - KNRV 1150",07/19/25,07/19/25,09:10 PM,11:10 PM,FALSE,TRUE,07/19/25,05:10 PM,07:10 PM,FREE,BUSY
07/20/25,01:10 PM,03:10 PM,Twins at Rockies,Coors Field - Denver,"Local TV: Rockies.TV ----- Local Radio: KOA 850 AM/94.1 FM - KNRV 1150",07/20/25,07/20/25,04:10 PM,06:10 PM,FALSE,TRUE,07/20/25,12:10 PM,02:10 PM,FREE,BUSY
07/21/25,06:40 PM,08:40 PM,Cardinals at Rockies,Coors Field - Denver,"Local TV: Rockies.TV ----- Local Radio: KOA 850 AM/94.1 FM - KNRV 1150",07/21/25,07/21/25,09:40 PM,11:40 PM,FALSE,TRUE,07/21/25,05:40 PM,07:40 PM,FREE,BUSY
07/22/25,06:40 PM,08:40 PM,Cardinals at Rockies,Coors Field - Denver,"Local TV: Rockies.TV ----- Local Radio: KOA 850 AM/94.1 FM - KNRV 1150",07/22/25,07/22/25,09:40 PM,11:40 PM,FALSE,TRUE,07/22/25,05:40 PM,07:40 PM,FREE,BUSY
07/23/25,01:10 PM,03:10 PM,Cardinals at Rockies,Coors Field - Denver,"Local TV: Rockies.TV ----- Local Radio: KOA 850 AM/94.1 FM - KNRV 1150",07/23/25,07/23/25,04:10 PM,06:10 PM,FALSE,TRUE,07/23/25,12:10 PM,02:10 PM,FREE,BUSY
07/25/25,05:05 PM,07:05 PM,Rockies at Orioles,Oriole Park at Camden Yards - Baltimore,"Local TV: Rockies.TV ----- Local Radio: KOA 850 AM/94.1 FM ",07/25/25,07/25/25,08:05 PM,10:05 PM,FALSE,TRUE,07/25/25,04:05 PM,06:05 PM,FREE,BUSY
07/26/25,05:05 PM,07:05 PM,Rockies at Orioles,Oriole Park at Camden Yards - Baltimore,"Local TV: Rockies.TV ----- Local Radio: KOA 850 AM/94.1 FM ",07/26/25,07/26/25,08:05 PM,10:05 PM,FALSE,TRUE,07/26/25,04:05 PM,06:05 PM,FREE,BUSY
07/27/25,11:35 AM,01:35 PM,Rockies at Orioles,Oriole Park at Camden Yards - Baltimore,"Local TV: Rockies.TV ----- Local Radio: KOA 850 AM/94.1 FM ",07/27/25,07/27/25,02:35 PM,04:35 PM,FALSE,TRUE,07/27/25,10:35 AM,12:35 PM,FREE,BUSY
07/28/25,04:40 PM,06:40 PM,Rockies at Guardians,Progressive Field - Cleveland,"Local TV: Rockies.TV ----- Local Radio: KOA 850 AM/94.1 FM ",07/28/25,07/28/25,07:40 PM,09:40 PM,FALSE,TRUE,07/28/25,03:40 PM,05:40 PM,FREE,BUSY
07/29/25,04:40 PM,06:40 PM,Rockies at Guardians,Progressive Field - Cleveland,"Local TV: Rockies.TV ----- Local Radio: KOA 850 AM/94.1 FM ",07/29/25,07/29/25,07:40 PM,09:40 PM,FALSE,TRUE,07/29/25,03:40 PM,05:40 PM,FREE,BUSY
07/30/25,04:40 PM,06:40 PM,Rockies at Guardians,Progressive Field - Cleveland,"Local TV: Rockies.TV ----- Local Radio: KOA 850 AM/94.1 FM ",07/30/25,07/30/25,07:40 PM,09:40 PM,FALSE,TRUE,07/30/25,03:40 PM,05:40 PM,FREE,BUSY
08/01/25,06:10 PM,08:10 PM,Pirates at Rockies,Coors Field - Denver,"Local TV: Rockies.TV ----- Local Radio: KOA 850 AM/94.1 FM - KNRV 1150",08/01/25,08/01/25,09:10 PM,11:10 PM,FALSE,TRUE,08/01/25,05:10 PM,07:10 PM,FREE,BUSY
08/02/25,01:10 PM,03:10 PM,Pirates at Rockies,Coors Field - Denver,"Local TV: Rockies.TV ----- Local Radio: KOA 850 AM/94.1 FM - KNRV 1150",08/02/25,08/02/25,04:10 PM,06:10 PM,FALSE,TRUE,08/02/25,12:10 PM,02:10 PM,FREE,BUSY
08/03/25,01:10 PM,03:10 PM,Pirates at Rockies,Coors Field - Denver,"Local TV: Rockies.TV ----- Local Radio: KOA 850 AM/94.1 FM - KNRV 1150",08/03/25,08/03/25,04:10 PM,06:10 PM,FALSE,TRUE,08/03/25,12:10 PM,02:10 PM,FREE,BUSY
08/04/25,06:40 PM,08:40 PM,Blue Jays at Rockies,Coors Field - Denver,"Local TV: Rockies.TV ----- Local Radio: KOA 850 AM/94.1 FM - KNRV 1150",08/04/25,08/04/25,09:40 PM,11:40 PM,FALSE,TRUE,08/04/25,05:40 PM,07:40 PM,FREE,BUSY
08/05/25,06:40 PM,08:40 PM,Blue Jays at Rockies,Coors Field - Denver,"Local TV: Rockies.TV ----- Local Radio: KOA 850 AM/94.1 FM - KNRV 1150",08/05/25,08/05/25,09:40 PM,11:40 PM,FALSE,TRUE,08/05/25,05:40 PM,07:40 PM,FREE,BUSY
08/06/25,01:10 PM,03:10 PM,Blue Jays at Rockies,Coors Field - Denver,"Local TV: Rockies.TV ----- Local Radio: KOA 850 AM/94.1 FM - KNRV 1150",08/06/25,08/06/25,04:10 PM,06:10 PM,FALSE,TRUE,08/06/25,12:10 PM,02:10 PM,FREE,BUSY
08/08/25,07:40 PM,09:40 PM,Rockies at D-backs,Chase Field - Phoenix,"Local TV: Rockies.TV ----- Local Radio: KOA 850 AM/94.1 FM ",08/08/25,08/09/25,10:40 PM,12:40 AM,FALSE,TRUE,08/08/25,06:40 PM,08:40 PM,FREE,BUSY
08/09/25,06:10 PM,08:10 PM,Rockies at D-backs,Chase Field - Phoenix,"Local TV: Rockies.TV ----- Local Radio: KOA 850 AM/94.1 FM ",08/09/25,08/09/25,09:10 PM,11:10 PM,FALSE,TRUE,08/09/25,05:10 PM,07:10 PM,FREE,BUSY
08/10/25,02:10 PM,04:10 PM,Rockies at D-backs,Chase Field - Phoenix,"Local TV: Rockies.TV ----- Local Radio: KOA 850 AM/94.1 FM ",08/10/25,08/10/25,05:10 PM,07:10 PM,FALSE,TRUE,08/10/25,01:10 PM,03:10 PM,FREE,BUSY
08/11/25,05:45 PM,07:45 PM,Rockies at Cardinals,Busch Stadium - St. Louis,"Local TV: Rockies.TV ----- Local Radio: KOA 850 AM/94.1 FM ",08/11/25,08/11/25,08:45 PM,10:45 PM,FALSE,TRUE,08/11/25,04:45 PM,06:45 PM,FREE,BUSY
08/12/25,05:45 PM,07:45 PM,Rockies at Cardinals,Busch Stadium - St. Louis,"Local TV: Rockies.TV ----- Local Radio: KOA 850 AM/94.1 FM ",08/12/25,08/12/25,08:45 PM,10:45 PM,FALSE,TRUE,08/12/25,04:45 PM,06:45 PM,FREE,BUSY
08/13/25,12:15 PM,02:15 PM,Rockies at Cardinals,Busch Stadium - St. Louis,"Local TV: Rockies.TV ----- Local Radio: KOA 850 AM/94.1 FM ",08/13/25,08/13/25,03:15 PM,05:15 PM,FALSE,TRUE,08/13/25,11:15 AM,01:15 PM,FREE,BUSY
08/14/25,06:40 PM,08:40 PM,D-backs at Rockies,Coors Field - Denver,"Local TV: Rockies.TV- FS1 ----- Local Radio: KOA 850 AM/94.1 FM - KNRV 1150",08/14/25,08/14/25,09:40 PM,11:40 PM,FALSE,TRUE,08/14/25,05:40 PM,07:40 PM,FREE,BUSY
08/15/25,06:40 PM,08:40 PM,D-backs at Rockies,Coors Field - Denver,"Local TV: Rockies.TV ----- Local Radio: KOA 850 AM/94.1 FM - KNRV 1150",08/15/25,08/15/25,09:40 PM,11:40 PM,FALSE,TRUE,08/15/25,05:40 PM,07:40 PM,FREE,BUSY
08/16/25,06:10 PM,08:10 PM,D-backs at Rockies,Coors Field - Denver,"Local TV: Rockies.TV ----- Local Radio: KOA 850 AM/94.1 FM - KNRV 1150",08/16/25,08/16/25,09:10 PM,11:10 PM,FALSE,TRUE,08/16/25,05:10 PM,07:10 PM,FREE,BUSY
08/17/25,01:10 PM,03:10 PM,D-backs at Rockies,Coors Field - Denver,"Local TV: Rockies.TV ----- Local Radio: KOA 850 AM/94.1 FM - KNRV 1150",08/17/25,08/17/25,04:10 PM,06:10 PM,FALSE,TRUE,08/17/25,12:10 PM,02:10 PM,FREE,BUSY
08/18/25,06:40 PM,08:40 PM,Dodgers at Rockies,Coors Field - Denver,"Local TV: Rockies.TV ----- Local Radio: KOA 850 AM/94.1 FM - KNRV 1150",08/18/25,08/18/25,09:40 PM,11:40 PM,FALSE,TRUE,08/18/25,05:40 PM,07:40 PM,FREE,BUSY
08/19/25,06:40 PM,08:40 PM,Dodgers at Rockies,Coors Field - Denver,"Local TV: Rockies.TV ----- Local Radio: KOA 850 AM/94.1 FM - KNRV 1150",08/19/25,08/19/25,09:40 PM,11:40 PM,FALSE,TRUE,08/19/25,05:40 PM,07:40 PM,FREE,BUSY
08/20/25,06:40 PM,08:40 PM,Dodgers at Rockies,Coors Field - Denver,"Local TV: Rockies.TV ----- Local Radio: KOA 850 AM/94.1 FM - KNRV 1150",08/20/25,08/20/25,09:40 PM,11:40 PM,FALSE,TRUE,08/20/25,05:40 PM,07:40 PM,FREE,BUSY
08/21/25,01:10 PM,03:10 PM,Dodgers at Rockies,Coors Field - Denver,"Local TV: Rockies.TV ----- Local Radio: KOA 850 AM/94.1 FM - KNRV 1150",08/21/25,08/21/25,04:10 PM,06:10 PM,FALSE,TRUE,08/21/25,12:10 PM,02:10 PM,FREE,BUSY
08/22/25,04:40 PM,06:40 PM,Rockies at Pirates,PNC Park - Pittsburgh,"Local TV: Rockies.TV ----- Local Radio: KOA 850 AM/94.1 FM ",08/22/25,08/22/25,07:40 PM,09:40 PM,FALSE,TRUE,08/22/25,03:40 PM,05:40 PM,FREE,BUSY
08/23/25,04:40 PM,06:40 PM,Rockies at Pirates,PNC Park - Pittsburgh,"Local TV: Rockies.TV ----- Local Radio: KOA 850 AM/94.1 FM ",08/23/25,08/23/25,07:40 PM,09:40 PM,FALSE,TRUE,08/23/25,03:40 PM,05:40 PM,FREE,BUSY
08/24/25,10:05 AM,12:05 PM,Rockies at Pirates,PNC Park - Pittsburgh,"Local TV: Roku ----- Local Radio: KOA 850 AM/94.1 FM ",08/24/25,08/24/25,01:05 PM,03:05 PM,FALSE,TRUE,08/24/25,09:05 AM,11:05 AM,FREE,BUSY
08/26/25,06:10 PM,08:10 PM,Rockies at Astros,Daikin Park - Houston,"Local TV: Rockies.TV ----- Local Radio: KOA 850 AM/94.1 FM ",08/26/25,08/26/25,09:10 PM,11:10 PM,FALSE,TRUE,08/26/25,05:10 PM,07:10 PM,FREE,BUSY
08/27/25,06:10 PM,08:10 PM,Rockies at Astros,Daikin Park - Houston,"Local TV: Rockies.TV ----- Local Radio: KOA 850 AM/94.1 FM ",08/27/25,08/27/25,09:10 PM,11:10 PM,FALSE,TRUE,08/27/25,05:10 PM,07:10 PM,FREE,BUSY
08/28/25,12:10 PM,02:10 PM,Rockies at Astros,Daikin Park - Houston,"Local TV: Rockies.TV ----- Local Radio: KOA 850 AM/94.1 FM ",08/28/25,08/28/25,03:10 PM,05:10 PM,FALSE,TRUE,08/28/25,11:10 AM,01:10 PM,FREE,BUSY
08/29/25,06:40 PM,08:40 PM,Cubs at Rockies,Coors Field - Denver,"Local TV: Rockies.TV ----- Local Radio: KOA 850 AM/94.1 FM - KNRV 1150",08/29/25,08/29/25,09:40 PM,11:40 PM,FALSE,TRUE,08/29/25,05:40 PM,07:40 PM,FREE,BUSY
08/30/25,06:10 PM,08:10 PM,Cubs at Rockies,Coors Field - Denver,"Local TV: Rockies.TV ----- Local Radio: KOA 850 AM/94.1 FM - KNRV 1150",08/30/25,08/30/25,09:10 PM,11:10 PM,FALSE,TRUE,08/30/25,05:10 PM,07:10 PM,FREE,BUSY
08/31/25,01:10 PM,03:10 PM,Cubs at Rockies,Coors Field - Denver,"Local TV: Rockies.TV ----- Local Radio: KOA 850 AM/94.1 FM - KNRV 1150",08/31/25,08/31/25,04:10 PM,06:10 PM,FALSE,TRUE,08/31/25,12:10 PM,02:10 PM,FREE,BUSY
09/01/25,02:10 PM,04:10 PM,Giants at Rockies,Coors Field - Denver,"Local TV: Rockies.TV ----- Local Radio: KOA 850 AM/94.1 FM - KNRV 1150",09/01/25,09/01/25,05:10 PM,07:10 PM,FALSE,TRUE,09/01/25,01:10 PM,03:10 PM,FREE,BUSY
09/02/25,06:40 PM,08:40 PM,Giants at Rockies,Coors Field - Denver,"Local TV: Rockies.TV ----- Local Radio: KOA 850 AM/94.1 FM - KNRV 1150",09/02/25,09/02/25,09:40 PM,11:40 PM,FALSE,TRUE,09/02/25,05:40 PM,07:40 PM,FREE,BUSY
09/03/25,06:40 PM,08:40 PM,Giants at Rockies,Coors Field - Denver,"Local TV: Rockies.TV ----- Local Radio: KOA 850 AM/94.1 FM - KNRV 1150",09/03/25,09/03/25,09:40 PM,11:40 PM,FALSE,TRUE,09/03/25,05:40 PM,07:40 PM,FREE,BUSY
09/05/25,06:40 PM,08:40 PM,Padres at Rockies,Coors Field - Denver,"Local TV: Rockies.TV ----- Local Radio: KOA 850 AM/94.1 FM - KNRV 1150",09/05/25,09/05/25,09:40 PM,11:40 PM,FALSE,TRUE,09/05/25,05:40 PM,07:40 PM,FREE,BUSY
09/06/25,06:10 PM,08:10 PM,Padres at Rockies,Coors Field - Denver,"Local TV: Rockies.TV ----- Local Radio: KOA 850 AM/94.1 FM - KNRV 1150",09/06/25,09/06/25,09:10 PM,11:10 PM,FALSE,TRUE,09/06/25,05:10 PM,07:10 PM,FREE,BUSY
09/07/25,01:10 PM,03:10 PM,Padres at Rockies,Coors Field - Denver,"Local TV: Rockies.TV ----- Local Radio: KOA 850 AM/94.1 FM - KNRV 1150",09/07/25,09/07/25,04:10 PM,06:10 PM,FALSE,TRUE,09/07/25,12:10 PM,02:10 PM,FREE,BUSY
09/08/25,08:10 PM,10:10 PM,Rockies at Dodgers,Dodger Stadium - Los Angeles,"Local TV: Rockies.TV ----- Local Radio: KOA 850 AM/94.1 FM ",09/08/25,09/09/25,11:10 PM,01:10 AM,FALSE,TRUE,09/08/25,07:10 PM,09:10 PM,FREE,BUSY
09/09/25,08:10 PM,10:10 PM,Rockies at Dodgers,Dodger Stadium - Los Angeles,"Local TV: Rockies.TV ----- Local Radio: KOA 850 AM/94.1 FM ",09/09/25,09/10/25,11:10 PM,01:10 AM,FALSE,TRUE,09/09/25,07:10 PM,09:10 PM,FREE,BUSY
09/10/25,08:10 PM,10:10 PM,Rockies at Dodgers,Dodger Stadium - Los Angeles,"Local TV: Rockies.TV ----- Local Radio: KOA 850 AM/94.1 FM ",09/10/25,09/11/25,11:10 PM,01:10 AM,FALSE,TRUE,09/10/25,07:10 PM,09:10 PM,FREE,BUSY
09/11/25,07:40 PM,09:40 PM,Rockies at Padres,Petco Park - San Diego,"Local TV: Rockies.TV ----- Local Radio: KOA 850 AM/94.1 FM ",09/11/25,09/12/25,10:40 PM,12:40 AM,FALSE,TRUE,09/11/25,06:40 PM,08:40 PM,FREE,BUSY
09/12/25,07:40 PM,09:40 PM,Rockies at Padres,Petco Park - San Diego,"Local TV: Rockies.TV ----- Local Radio: KOA 850 AM/94.1 FM ",09/12/25,09/13/25,10:40 PM,12:40 AM,FALSE,TRUE,09/12/25,06:40 PM,08:40 PM,FREE,BUSY
09/13/25,06:40 PM,08:40 PM,Rockies at Padres,Petco Park - San Diego,"Local TV: Rockies.TV ----- Local Radio: KOA 850 AM/94.1 FM ",09/13/25,09/13/25,09:40 PM,11:40 PM,FALSE,TRUE,09/13/25,05:40 PM,07:40 PM,FREE,BUSY
09/14/25,02:10 PM,04:10 PM,Rockies at Padres,Petco Park - San Diego,"Local TV: Rockies.TV ----- Local Radio: KOA 850 AM/94.1 FM ",09/14/25,09/14/25,05:10 PM,07:10 PM,FALSE,TRUE,09/14/25,01:10 PM,03:10 PM,FREE,BUSY
09/16/25,06:40 PM,08:40 PM,Marlins at Rockies,Coors Field - Denver,"Local TV: Rockies.TV ----- Local Radio: KOA 850 AM/94.1 FM - KNRV 1150",09/16/25,09/16/25,09:40 PM,11:40 PM,FALSE,TRUE,09/16/25,05:40 PM,07:40 PM,FREE,BUSY
09/17/25,06:40 PM,08:40 PM,Marlins at Rockies,Coors Field - Denver,"Local TV: Rockies.TV ----- Local Radio: KOA 850 AM/94.1 FM - KNRV 1150",09/17/25,09/17/25,09:40 PM,11:40 PM,FALSE,TRUE,09/17/25,05:40 PM,07:40 PM,FREE,BUSY
09/18/25,01:10 PM,03:10 PM,Marlins at Rockies,Coors Field - Denver,"Local TV: Rockies.TV ----- Local Radio: KOA 850 AM/94.1 FM - KNRV 1150",09/18/25,09/18/25,04:10 PM,06:10 PM,FALSE,TRUE,09/18/25,12:10 PM,02:10 PM,FREE,BUSY
09/19/25,06:10 PM,08:10 PM,Angels at Rockies,Coors Field - Denver,"Local TV: Rockies.TV ----- Local Radio: KOA 850 AM/94.1 FM - KNRV 1150",09/19/25,09/19/25,09:10 PM,11:10 PM,FALSE,TRUE,09/19/25,05:10 PM,07:10 PM,FREE,BUSY
09/20/25,06:10 PM,08:10 PM,Angels at Rockies,Coors Field - Denver,"Local TV: Rockies.TV ----- Local Radio: KOA 850 AM/94.1 FM - KNRV 1150",09/20/25,09/20/25,09:10 PM,11:10 PM,FALSE,TRUE,09/20/25,05:10 PM,07:10 PM,FREE,BUSY
09/21/25,01:10 PM,03:10 PM,Angels at Rockies,Coors Field - Denver,"Local TV: Rockies.TV ----- Local Radio: KOA 850 AM/94.1 FM - KNRV 1150",09/21/25,09/21/25,04:10 PM,06:10 PM,FALSE,TRUE,09/21/25,12:10 PM,02:10 PM,FREE,BUSY
09/23/25,07:40 PM,09:40 PM,Rockies at Mariners,T-Mobile Park - Seattle,"Local TV: Rockies.TV ----- Local Radio: KOA 850 AM/94.1 FM ",09/23/25,09/24/25,10:40 PM,12:40 AM,FALSE,TRUE,09/23/25,06:40 PM,08:40 PM,FREE,BUSY
09/24/25,07:40 PM,09:40 PM,Rockies at Mariners,T-Mobile Park - Seattle,"Local TV: Rockies.TV ----- Local Radio: KOA 850 AM/94.1 FM ",09/24/25,09/25/25,10:40 PM,12:40 AM,FALSE,TRUE,09/24/25,06:40 PM,08:40 PM,FREE,BUSY
09/25/25,07:40 PM,09:40 PM,Rockies at Mariners,T-Mobile Park - Seattle,"Local TV: Rockies.TV ----- Local Radio: KOA 850 AM/94.1 FM ",09/25/25,09/26/25,10:40 PM,12:40 AM,FALSE,TRUE,09/25/25,06:40 PM,08:40 PM,FREE,BUSY
09/26/25,08:15 PM,10:15 PM,Rockies at Giants,Oracle Park - San Francisco,"Local TV: Rockies.TV ----- Local Radio: KOA 850 AM/94.1 FM ",09/26/25,09/27/25,11:15 PM,01:15 AM,FALSE,TRUE,09/26/25,07:15 PM,09:15 PM,FREE,BUSY
09/27/25,02:05 PM,04:05 PM,Rockies at Giants,Oracle Park - San Francisco,"Local TV: Rockies.TV ----- Local Radio: KOA 850 AM/94.1 FM ",09/27/25,09/27/25,05:05 PM,07:05 PM,FALSE,TRUE,09/27/25,01:05 PM,03:05 PM,FREE,BUSY
09/28/25,01:05 PM,03:05 PM,Rockies at Giants,Oracle Park - San Francisco,"Local TV: Rockies.TV ----- Local Radio: KOA 850 AM/94.1 FM ",09/28/25,09/28/25,04:05 PM,06:05 PM,FALSE,TRUE,09/28/25,12:05 PM,02:05 PM,FREE,BUSY
